{
  "resource_pack_name": "PanaPonaResourcePack",
  "texture_name": "atlas.terrain",
  "textures": {
      "black_concrete": "textures/blocks/concrete_black",
      "blue_concrete": "textures/blocks/concrete_blue",
      "brown_concrete": "textures/blocks/concrete_brown",
      "cyan_concrete": "textures/blocks/concrete_cyan",
      "emerald_block": "textures/blocks/emerald_block",
      "gray_concrete": "textures/blocks/concrete_gray",
      "green_concrete": "textures/blocks/concrete_green",
      "light_blue_concrete": "textures/blocks/concrete_light_blue",
      "gold_block": "textures/blocks/gold_block",
      "lime_concrete": "textures/blocks/concrete_lime",
      "magenta_concrete": "textures/blocks/concrete_magenta",
      "orange_concrete": "textures/blocks/concrete_orange",
      "pink_concrete": "textures/blocks/concrete_pink",
      "purple_concrete": "textures/blocks/concrete_purple",
      "red_concrete": "textures/blocks/concrete_red",
      "iron_block": "textures/blocks/iron_block",
      "white_concrete": "textures/blocks/concrete_white",
      "yellow_concrete": "textures/blocks/concrete_yellow",
      "black_wool": "textures/blocks/wool_black",
      "blue_wool": "textures/blocks/wool_blue",
      "brown_wool": "textures/blocks/wool_brown",
      "cyan_wool": "textures/blocks/wool_cyan",
      "emerald_ore": "textures/blocks/emerald_ore",
      "gray_wool": "textures/blocks/wool_gray",
      "green_wool": "textures/blocks/wool_green",
      "light_blue_wool": "textures/blocks/wool_light_blue",
      "gold_ore": "textures/blocks/gold_ore",
      "lime_wool": "textures/blocks/wool_lime",
      "magenta_wool": "textures/blocks/wool_magenta",
      "orange_wool": "textures/blocks/wool_orange",
      "pink_wool": "textures/blocks/wool_pink",
      "purple_wool": "textures/blocks/wool_purple",
      "red_wool": "textures/blocks/wool_red",
      "iron_ore": "textures/blocks/iron_ore",
      "white_wool": "textures/blocks/wool_white",
      "yellow_wool": "textures/blocks/wool_yellow"
  }
}
